『 Dream Pop』如梦般的流行曲,死在南极洲,23,Blonde Redhead,23,2007-04-02
『 Dream Pop』如梦般的流行曲,死在南极洲,Mercy,Mojave 3,Ask Me Tomorrow,1999-10-16
『 Dream Pop』如梦般的流行曲,死在南极洲,Alison,Slowdive,Souvlaki,1993-02-14
『 Dream Pop』如梦般的流行曲,死在南极洲,Venture,Thud,Floret,2015-06-29
『 Dream Pop』如梦般的流行曲,死在南极洲,Vanessa,Grimes,Darkbloom,2011-05-17
『 Dream Pop』如梦般的流行曲,死在南极洲,Breakers,Gem Club,Breakers,2011-09-26
『 Dream Pop』如梦般的流行曲,死在南极洲,Satellites,Mew,+ -,2015-04-28
『 Dream Pop』如梦般的流行曲,死在南极洲,Chinatown,Wild Nothing,Gemini,2010-05-25
『 Dream Pop』如梦般的流行曲,死在南极洲,Dance Bear,Snakadaktal,Dance Bear,2012-06-13
『 Dream Pop』如梦般的流行曲,死在南极洲,Sleep Apnea,Beach Fossils,Clash the Truth Demos,2013-07-04
『 Dream Pop』如梦般的流行曲,死在南极洲,Love Is to Die,Warpaint,Warpaint,2013-11-04
『 Dream Pop』如梦般的流行曲,死在南极洲,Sugar for the Pill,Slowdive,Slowdive,2017-05-05
『 Dream Pop』如梦般的流行曲,死在南极洲,I Have The Moon,Lush,Topolino,1996-10-18
『 Dream Pop』如梦般的流行曲,死在南极洲,Comforting Sounds,Mew,Frengers,2003-04-07
『 Dream Pop』如梦般的流行曲,死在南极洲,We Raise Our Hearts,Postiljonen,Skyer,2013-07-05
『 Dream Pop』如梦般的流行曲,死在南极洲,Oh, I Buried You Today,The Raveonettes,In And Out Of Control,2009-10-05
『 Dream Pop』如梦般的流行曲,死在南极洲,Doing the Right Thing,Daughter,Not To Disappear,2016-01-15
『 Dream Pop』如梦般的流行曲,死在南极洲,SERPENT SKIRT,Cocteau Twins,穿过骨头抚摸你,2002-02-01
『 Dream Pop』如梦般的流行曲,死在南极洲,Illumination,Broadcast,The Future Crayon,2006-08-21
『 Dream Pop』如梦般的流行曲,死在南极洲,Apocalypse,Cigarettes After Sex,Apocalypse,2017-03-21
『 Dream Pop』如梦般的流行曲,死在南极洲,Picture You,The Amazing,Picture You,2015-02-17
『 Dream Pop』如梦般的流行曲,死在南极洲,哑巴酒馆,张三弥,哑巴酒馆,2017-09-13
『 Dream Pop』如梦般的流行曲,死在南极洲,Cannons,Youth Lagoon,july + cannons,2011-01-01
『 Dream Pop』如梦般的流行曲,死在南极洲,The Trip,Still Corners,Strange Pleasures,2013-05-07
『 Dream Pop』如梦般的流行曲,死在南极洲,Silently,Blonde Redhead,23,2007-04-02
『 Dream Pop』如梦般的流行曲,死在南极洲,光,Senpai，Anna Liu,光,2014-11-18
『 Dream Pop』如梦般的流行曲,死在南极洲,Myth,Beach House,Bloom,2012-05-13
『 Dream Pop』如梦般的流行曲,死在南极洲,Lust,The Raveonettes,Lust Lust Lust (Bonus Track Version),2007-11-12
『 Dream Pop』如梦般的流行曲,死在南极洲,Wait,M83,Hurry Up, We're Dreaming.,2011-10-17
『 Dream Pop』如梦般的流行曲,死在南极洲,Intro,The xx,xx,2009-08-16
『 Dream Pop』如梦般的流行曲,死在南极洲,Down,Flunk,This Is What You Get,2009-06-08
『 Dream Pop』如梦般的流行曲,死在南极洲,Beloved,Say Lou Lou,Lucid Dreaming,2015-04-06
『 Dream Pop』如梦般的流行曲,死在南极洲,Lie To Me,Devics,Push The Heart,2009-09-28
『 Dream Pop』如梦般的流行曲,死在南极洲,Kinky Love,Pale Saints,Flesh Balloon,1991-06-24
『 Dream Pop』如梦般的流行曲,死在南极洲,Night Time,The fin.,Days With Uncertainty,2014-12-03
『 Dream Pop』如梦般的流行曲,死在南极洲,Space Song,Beach House,Depression Cherry,2015-08-28
『 Dream Pop』如梦般的流行曲,死在南极洲,Red Morning,Devics,The Stars At Saint Andrea,2009-09-28
『 Dream Pop』如梦般的流行曲,死在南极洲,Agoraphobia,Deerhunter,Microcastle,2008-08-11
『 Dream Pop』如梦般的流行曲,死在南极洲,Heaven Sent,Mr. Little Jeans,Pocketknife,2014-03-25
『 Dream Pop』如梦般的流行曲,死在南极洲,Fade Into You,Mazzy Star,So Tonight That I Might See,1993-09-27
『 Dream Pop』如梦般的流行曲,死在南极洲,Feeling Alright,Warpaint,Warpaint,2013-11-04
『 Dream Pop』如梦般的流行曲,死在南极洲,Curse the Night,The Raveonettes,Observator,2012-09-10
『 Dream Pop』如梦般的流行曲,死在南极洲,It's Enough Now,Mandalay,Instinct,2001-02-27
『 Dream Pop』如梦般的流行曲,死在南极洲,SERPENT SKIRT,Cocteau Twins，王菲,Milk & Kisses,1996-03-15
『 Dream Pop』如梦般的流行曲,死在南极洲,Midnight Canyon,The Cheers Cheers,不如搬去船底星,2016-08-30
『 Dream Pop』如梦般的流行曲,死在南极洲,Elephant Woman,Blonde Redhead,Elephant Woman,2004-02-23
『 Dream Pop』如梦般的流行曲,死在南极洲,Evening Ceremony,Active Child,Evening Ceremony,2013-03-30
『 Dream Pop』如梦般的流行曲,死在南极洲,Keep On Loving You,Cigarettes After Sex,Affection,2016-03-31
『 Dream Pop』如梦般的流行曲,死在南极洲,The leaver and the left,From Your Balcony,The leaver and the left,2009-02-16
『 Dream Pop』如梦般的流行曲,死在南极洲,Seasoned Eyes Were Beaming (Piano Version),Sara Lov,The Young Eyes - EP,2010-04-19
